measurement_date,hive_id,colony_health,temperature_c,humidity_pct,honey_yield_kg,rolling_7d_avg_yield,rolling_3d_avg_temp
2026-01-06,HIVE_1,95,20.794081597544913,65.00397065701766,39.875685022532195,,
2026-01-09,HIVE_1,81,30.68823991915007,58.42089691871034,27.625773631024025,39.875685022532195,20.794081597544913
2026-01-15,HIVE_1,62,20.70389562072764,59.625815144140645,26.52038537847234,33.750729326778114,25.74116075834749
2026-01-17,HIVE_1,63,34.06152188486449,52.71033571060714,43.73566855309318,31.340614677342856,24.062072379140872
2026-01-27,HIVE_1,67,32.15362264647317,71.64339010917168,16.972142030365017,34.43937814628043,28.484552474914068
2026-01-29,HIVE_1,81,21.261560678151,44.482595646021664,19.771072101426117,30.945930923097347,28.973013384021765
2026-02-10,HIVE_1,72,23.65783950741091,53.182748605613625,17.755941668071173,29.08345445281881,29.15890173649622
2026-02-16,HIVE_1,71,22.6268231422397,78.74696401729025,23.856779832268867,27.465238340712006,25.69100761067836
2026-02-18,HIVE_1,75,22.25031996146987,76.69455232985894,18.81616153394341,25.176823313531532,22.51540777593387
2026-03-22,HIVE_1,97,23.12969090336707,59.56145531881187,43.59940214853824,23.91830729966287,22.84499420370683
2026-04-02,HIVE_1,75,22.6567188929601,77.48203153557127,39.51669730701704,26.358166838243715,22.668944669025546
2026-04-12,HIVE_1,88,30.586388388162757,46.454437251756076,26.37070870153329,25.75545666023284,22.67890991926568
2026-04-15,HIVE_1,65,26.76448898822284,72.22452009101602,38.775100003362226,27.098109041828305,25.457599394829973
2026-04-18,HIVE_1,69,32.77345083717579,72.35259934741896,23.691472732506565,29.81297017067632,26.669198756448566
2026-04-29,HIVE_1,73,23.181205664523837,52.993607382374705,32.60031602041619,30.660903179881377,30.041442737853796
2026-06-02,HIVE_1,63,34.43638733006172,44.994177987365035,30.151639098998146,31.909979778188138,27.57304849664082
2026-06-05,HIVE_1,94,23.81988911340015,57.414908060917774,41.81684432479746,33.529333716053095,30.13034794392045
2026-06-23,HIVE_1,71,31.244816807924277,41.266572665920066,41.361132591378265,33.27468259837584,27.145827369328572
2026-07-01,HIVE_1,93,20.488061950553195,72.15598964979189,49.64482257972463,33.53817335328459,29.83369775046205
2026-07-14,HIVE_1,79,34.07694753702057,68.55051349684257,49.276180576129036,36.86304676445478,25.18425595729254
2026-01-07,HIVE_2,67,25.93937257508164,48.24771027302734,26.855408220737633,,
2026-01-12,HIVE_2,73,23.545730111029965,66.19821998430359,28.853812900756136,26.855408220737633,25.93937257508164
2026-01-18,HIVE_2,73,23.147516068686876,50.43435108865529,30.829998309068863,27.854610560746885,24.7425513430558
2026-01-25,HIVE_2,65,30.08164125262938,40.72310436719616,48.67725879844628,28.846406476854213,24.21087291826616
2026-01-28,HIVE_2,90,32.05886044110734,65.73874888746896,23.449455571192672,33.80411955725223,25.591629144115405
2026-02-05,HIVE_2,80,26.498211058721452,72.64326604516268,30.15075943738261,31.733186760040315,28.4293392541412
2026-02-06,HIVE_2,94,29.468955035350724,75.7804606659286,40.582731933798634,31.4694488729307,29.546237584152724
2026-02-07,HIVE_2,65,23.760499403681788,74.22582016134817,38.49583732862101,32.77134645305469,29.342008845059837
2026-02-08,HIVE_2,80,22.185138407512724,79.8720972295942,35.357595591175524,34.434264897038034,26.57588849925132
2026-02-11,HIVE_2,65,28.665237335818794,56.81174208059002,26.094316600710865,35.36337670995509,25.13819761551508
2026-02-17,HIVE_2,79,29.937335012513156,78.90040457723771,29.266386564056006,34.68685075161823,24.8702917156711
2026-02-28,HIVE_2,88,28.718601511977717,65.57508140836785,38.23490810996006,31.91386900384819,26.92923691861489
2026-03-01,HIVE_2,99,34.82197772778474,50.64611071611677,31.0310700451286,34.026076509386385,29.107057953436556
2026-03-03,HIVE_2,92,31.465073720890118,45.33419955274405,22.170327649932503,34.15183516763581,31.159304750758537
2026-03-05,HIVE_2,65,23.246618669991744,74.91836471932235,34.47352931352158,31.52149169851208,31.668550986884195
2026-03-09,HIVE_2,96,32.33084781242397,54.49664296012399,17.199524118739497,30.946876267783598,29.844556706222203
2026-03-13,HIVE_2,67,23.315068305367006,48.566383638270196,20.513846035226404,28.35286605743559,29.01418006776861
2026-03-25,HIVE_2,75,32.45297991907751,43.026797473143965,28.79873773537438,27.555655976652094,26.297511595927574
2026-03-30,HIVE_2,64,33.9409647337648,47.3991323755101,26.262288354017326,27.488849001126145,29.36629867895616
2026-04-13,HIVE_2,78,33.335186010213334,69.68099314105568,22.99007583532827,25.778474750277184,29.903004319403106
2026-04-17,HIVE_2,88,27.68970821045906,50.47589995635842,15.322171623915848,24.62976129173428,33.24304355435188
2026-04-20,HIVE_2,60,28.284918624494132,73.56908763743314,42.88483899457097,23.651453288017613,31.65528631814573
2026-04-27,HIVE_2,64,33.24333794915178,64.01605028718984,49.118669401478655,24.853068956738955,29.76993761505551
2026-05-01,HIVE_2,96,21.66261070353662,47.08444135039406,28.79171718054114,29.412946854273123,29.739321594701654
2026-05-04,HIVE_2,92,23.967230360670598,40.151645202676384,20.840213929629634,30.595499875032367,27.730289092394177
2026-05-14,HIVE_2,95,25.19106887399444,66.38443073716815,25.44477969943052,29.458567902783123,26.291059671119665
2026-05-15,HIVE_2,71,32.86974048856359,69.61972715589576,33.63489378202749,29.34178095212786,23.60696997940055
2026-05-20,HIVE_2,83,22.369663079724443,61.33325813376017,33.81414731349034,30.862469230227752,27.342679907742877
2026-05-22,HIVE_2,63,25.274728173561307,67.48604165336863,20.493955431508677,33.50418004302411,26.810157480760825
2026-05-25,HIVE_2,65,34.33705478886975,66.1940904178852,19.68125813838759,30.305482391158062,26.838043913949786
2026-05-27,HIVE_2,83,21.826684717323296,79.10605084917917,20.246448133099594,26.1001379250022,27.327148680718498
2026-05-31,HIVE_2,92,33.38038165757734,43.99443270075631,39.0422319279495,24.87938520393912,27.14615589325145
2026-06-10,HIVE_2,63,22.514445022019288,55.188951247947216,28.026621758766403,27.479673489413386,29.84804038792346
2026-06-19,HIVE_2,82,29.014380063440235,70.49088181944964,32.01981331729547,27.848508069318513,25.907170465639975
2026-06-25,HIVE_2,71,20.026350627006376,65.90459331592997,36.239646450662306,27.61778228864251,28.30306891434562
2026-06-30,HIVE_2,65,24.016038294164424,72.7904038170113,29.660910523906768,27.964282165381366,23.851725237488633
2026-07-08,HIVE_2,83,33.60267703799484,43.41720132866432,33.14604066551292,29.27384717858109,24.35225632820368
2026-07-11,HIVE_2,76,22.59200270378194,43.888556996937204,29.366948750020562,31.197387539598992,25.88168865305521
2026-07-15,HIVE_2,61,30.577167024274054,78.5822953163646,19.31581608236774,32.50031619915913,26.7369060119804
2026-01-08,HIVE_3,82,34.46111758695695,64.02204640266156,24.924686105223863,,
2026-01-10,HIVE_3,94,21.88550447191309,72.03758638284702,36.35428541552896,24.924686105223863,34.46111758695695
2026-01-20,HIVE_3,87,25.332942157934042,73.65948928436733,39.66579696197509,30.639485760376413,28.17331102943502
2026-01-22,HIVE_3,98,34.97501088921655,65.82498439689161,25.907189351012626,33.648256160909305,27.22652140560136
2026-01-23,HIVE_3,92,32.052528647507906,47.84599263132487,45.50367047371154,31.712989458435132,27.39781917302123
2026-01-26,HIVE_3,70,29.09925959939978,61.607406391365515,34.789027564267656,34.47112566149041,30.78682723155283
2026-01-31,HIVE_3,61,25.211769354111688,62.040877773314065,22.135532398559832,34.52410931195329,32.04226637870807
2026-02-09,HIVE_3,82,29.109065153872777,56.52786855991414,30.556169685915926,32.75431261003994,28.787852533673128
2026-02-13,HIVE_3,78,34.975938513754386,78.11732654834262,22.133220830481505,33.558810264424515,27.80669803579475
2026-02-14,HIVE_3,65,26.13594921952668,72.39739473544192,49.770163476797,31.52722960941774,29.765591007246286
2026-02-20,HIVE_3,60,33.34755367672139,50.18716501704293,15.08750611552879,32.97071054010659,30.073650962384615
2026-02-25,HIVE_3,85,22.073615276124617,52.96382870718146,18.191104612885447,31.425041506466037,31.486480470000817
2026-03-14,HIVE_3,77,24.068205374107883,60.39172337900965,37.68899316775344,27.523246383490882,27.185706057457562
2026-03-16,HIVE_3,96,23.588546900893547,63.52656230483723,48.11043887905565,27.937527183988845,26.496458108984626
2026-03-17,HIVE_3,91,25.47192291650088,55.570547057939876,41.22278955415817,31.648228109773964,23.24345585037535
2026-03-20,HIVE_3,60,29.683354675050605,50.125765958192076,34.76090206971739,33.17203094809429,24.376225063834102
2026-03-24,HIVE_3,97,31.075199185136192,61.90008869779726,40.293364053222966,34.97598541084226,26.247941497481676
2026-03-29,HIVE_3,81,30.18594550358579,51.718024232939364,20.628453597071232,33.622156921760265,28.743492258895895
2026-04-04,HIVE_3,74,26.881028622420956,51.44539257395037,17.629988492747422,34.4137208476949,30.314833121257525
2026-04-05,HIVE_3,80,30.459579012738203,41.3620289380531,30.082922558255472,34.33356140196089,29.380724437047647
2026-04-06,HIVE_3,69,33.67468708471154,68.65575231634959,21.64585828699192,33.24697988631833,29.17551771291498
2026-04-08,HIVE_3,92,23.61699936828581,65.0562731632487,43.46262311774879,29.46632551602351,30.338431573290233
2026-04-10,HIVE_3,61,22.016962185234167,49.30223650267013,36.68510001743809,29.786301739393597,29.250421821911846
2026-04-14,HIVE_3,96,28.222982846389044,45.07306959217405,42.61922230245261,30.06118716049656,26.43621621274384
2026-04-16,HIVE_3,95,23.573848210267258,67.81851950766435,44.09209364973698,30.39345262467222,24.618981466636342
2026-04-22,HIVE_3,74,27.072447059156005,67.59667403212073,23.69893227380346,33.74540120362447,24.604597747296822
2026-04-23,HIVE_3,78,32.10606763037521,44.43880758565563,34.21929852573512,34.612393172346756,26.289759371937436
2026-04-24,HIVE_3,76,30.00262245466568,73.93910109701365,30.25918035083241,35.20330402484385,27.58412096659949
2026-04-26,HIVE_3,79,28.995881351403124,67.7401224104986,46.42551936458929,36.43377860539249,29.7270457147323
2026-05-02,HIVE_3,98,33.76584289639236,44.89064635669497,20.311062776300872,36.85704949779828,30.36819047881467
2026-05-05,HIVE_3,90,24.505353099562477,58.18706639376062,33.898009494822865,34.51790132049297,30.921448900820383
2026-05-09,HIVE_3,65,22.139154771880534,51.595640748991286,48.55908539455103,33.27201377654586,29.089025782452655
2026-05-10,HIVE_3,94,22.522120383220095,75.13333977674729,32.51340409220255,33.91015545437644,26.803450255945123
2026-05-12,HIVE_3,64,28.819230641782635,55.27693655124847,28.900144855179786,35.16936571414773,23.05554275155437
2026-05-13,HIVE_3,85,20.2295871669791,42.18290580494289,49.108137169120255,34.409486618354116,24.49350193229442
2026-05-16,HIVE_3,70,30.65249657808269,63.94088152997025,28.329115545325564,37.10219473525238,23.85697939732728
2026-05-17,HIVE_3,86,23.329700499418134,48.07301152552468,15.21967149111121,34.51699418964328,26.56710479561481
2026-05-19,HIVE_3,90,28.30514814177787,66.54130221277691,25.961719749206708,33.789652577473326,24.737261414826644
2026-05-23,HIVE_3,82,32.02487344267435,70.29590514066649,49.347998353658724,32.65589689952816,27.429115073092902
2026-05-28,HIVE_3,74,27.53949456651033,61.50728808928245,24.0789095557785,32.768598750829256,27.886574027956783
2026-05-30,HIVE_3,93,28.082446010677025,53.00130692390017,47.0113041096676,31.56367095991154,29.289838716987518
2026-06-04,HIVE_3,73,31.983348509191693,42.34695987205966,41.25391566627904,34.15097942483837,29.21560467328723
2026-06-08,HIVE_3,99,24.031508978386334,45.331001633023966,19.672670279845605,33.02894778157533,29.20176302879302
2026-06-15,HIVE_3,62,27.413327303036276,76.74040467564288,44.09671281385128,31.792312743649624,28.032434499418354
2026-06-26,HIVE_3,99,32.31874411425931,67.41329358602724,20.48690605131501,35.91760436118392,27.809394930204764
2026-06-28,HIVE_3,87,32.05391213625807,78.87996520405545,17.37437412090423,35.13548811862797,27.921193465227304
2026-07-03,HIVE_3,76,20.060538337592362,59.21297480085606,34.1460802090124,30.56782751394875,30.59532785118455
2026-07-10,HIVE_3,99,30.223456280703065,72.47066492624242,19.120033124971947,32.005994750125026,28.14439819603658
2026-07-13,HIVE_3,70,23.379189443189503,51.66470988177453,42.92717135067328,28.021527466597075,27.4459689181845
2026-01-03,HIVE_4,71,30.508594059336566,41.03347489822574,36.27568044455705,,
2026-01-13,HIVE_4,63,23.910254281555464,58.98426933879156,18.917944181217315,36.27568044455705,30.508594059336566
2026-01-14,HIVE_4,96,24.44122485632706,60.36028860109619,19.665781391535152,27.59681231288718,27.209424170446013
2026-01-19,HIVE_4,87,23.797619471076292,51.68902669660681,49.099233118072334,24.95313533910317,26.2866910657397
2026-01-21,HIVE_4,74,22.53223168778279,68.13385447059045,34.47068352625588,30.98965978384546,24.049699536319604
2026-02-03,HIVE_4,90,28.947170842464537,61.812105466777915,32.73705932592247,31.68586453232755,23.590358671728712
2026-02-19,HIVE_4,68,31.828770408117148,67.96522165457256,45.61860153006038,31.86106366459337,25.092340667107873
2026-02-22,HIVE_4,62,21.103993254042184,60.11577023448876,23.41896944469721,33.82642621680294,27.769390979454826
2026-03-02,HIVE_4,82,23.19348214906862,70.73203827176891,26.656414704179326,31.989753216822965,27.293311501541286
2026-03-10,HIVE_4,63,25.124983990973288,61.187132756982336,33.159075285523265,33.095249005817536,25.375415270409317
2026-03-11,HIVE_4,73,20.234685353823977,68.19647131988081,44.660454931984745,35.02286241924441,23.14081979802803
2026-03-18,HIVE_4,77,29.66660152591644,79.3292467924756,15.223304544717843,34.38875124980333,22.851050497955296
2026-03-19,HIVE_4,71,32.71511787082355,57.700598527328935,24.664214813315322,31.639125681012178,25.008756956904573
2026-03-21,HIVE_4,73,34.915751593812814,54.004076420867996,18.472540289575306,30.485862179211153,27.53880158352132
2026-03-26,HIVE_4,80,29.70620396596016,71.73995758087207,18.054690772114103,26.60785343057043,32.432490330184265
2026-03-27,HIVE_4,84,24.674538517538462,68.19933012164566,42.540445457381736,25.8415279059157,32.44569114353217
2026-04-01,HIVE_4,71,23.915196032658628,74.60277716544724,32.40477069940408,28.11067515637319,29.76549802577048
2026-04-25,HIVE_4,79,21.21320292088431,50.20870008933295,38.215795119689176,28.002917358356164,26.098646172052415
2026-04-28,HIVE_4,86,21.701623755602657,57.808753312862436,36.639546187587754,27.082251670885366,23.2676458236938
2026-04-30,HIVE_4,84,30.6100889863474,41.65137667609969,32.68022915222858,30.141714762723925,22.276674236381865
2026-05-03,HIVE_4,74,21.263054234098558,45.828403302805064,38.221406309851105,31.286859668282965,24.508305220944788
2026-05-06,HIVE_4,70,21.332942851513476,57.92788462098741,42.9294255828473,34.10812624260808,24.52492232534954
2026-05-11,HIVE_4,78,34.37803208478322,54.49815054959371,46.258617755245595,37.661659786998534,24.402028690653143
2026-05-18,HIVE_4,66,33.073726337708095,76.00421034487279,28.080362603962183,38.19282725812194,25.658009723465085
2026-05-24,HIVE_4,62,29.553071303039083,53.20319909008797,39.22087901304704,37.57505467305881,29.594900424668264
2026-06-01,HIVE_4,95,24.81912601683766,58.55705078835073,37.759634895999305,37.71863808639565,32.33494324184346
2026-06-03,HIVE_4,94,27.427232109612262,48.97599633799785,20.335467009598776,37.87865075902587,29.148641219194946
2026-06-09,HIVE_4,70,22.751838116473238,53.1848398919936,37.665600368143146,36.11511331007876,27.266476476496337
2026-06-11,HIVE_4,97,33.705696556630414,47.11221172797269,29.809639123483826,36.03571246126334,24.999398747641052
2026-06-12,HIVE_4,96,20.82159289016109,40.630762268223876,27.57746700261357,34.16145725278284,27.96158892757197
2026-06-14,HIVE_4,72,24.71290061959713,45.94222723195554,41.313559453285336,31.492721430978264,25.75970918775491
2026-06-17,HIVE_4,65,28.74739228154445,49.06499331590739,41.2172001497547,33.383178123738716,26.41339668879621
2026-06-18,HIVE_4,90,20.20951651721065,48.460765441193146,18.132362550756064,33.66836685755409,24.76062859710089
2026-06-22,HIVE_4,76,20.96148392749728,51.02298619003571,35.11851219894368,30.86447080823363,24.556603139450743
2026-06-27,HIVE_4,77,21.715742812145397,49.897209424699355,27.353193828895947,32.97633440671148,23.30613090875079
2026-07-12,HIVE_4,90,28.443136085702925,74.57618299482496,49.23304827448329,31.5031334725333,20.96224775228444
2026-01-01,HIVE_5,74,28.036782893249722,62.93975951409068,33.711125243922105,,
2026-01-04,HIVE_5,81,26.073631058114945,72.20355234655005,40.25981780678643,33.711125243922105,28.036782893249722
2026-01-05,HIVE_5,91,24.16322976741015,73.63118254442392,40.671774215030084,36.98547152535427,27.05520697568233
2026-01-16,HIVE_5,63,25.719994857791338,77.51345987103078,28.480494903268045,38.21423908857954,26.09121457292494
2026-01-24,HIVE_5,96,32.4581972738562,70.13026612898001,40.556494261708124,35.78080304225167,25.31895189443881
2026-01-30,HIVE_5,68,24.12467762637216,76.0583778784401,20.04833796352647,36.73594128614296,27.44714063301923
2026-02-02,HIVE_5,64,31.365161745307855,48.968361293555226,28.193313669607253,33.95467406570688,27.4342899193399
2026-02-23,HIVE_5,95,22.594145495023394,62.17299433900083,22.72842554483901,33.131622580549795,29.31601221517874
2026-02-26,HIVE_5,79,30.528325345674006,44.123608736206656,23.677066800061333,31.562665480680774,26.027994955567806
2026-03-04,HIVE_5,67,30.49831844171726,55.188573356268414,23.33044409511856,29.19370105114862,28.162544195335084
2026-03-06,HIVE_5,93,32.77233177010774,65.73568268651734,23.21387145960558,26.716368176875545,27.873596427471554
2026-03-07,HIVE_5,65,28.356905081319013,75.1979432753922,30.81288274684463,25.963993399209475,31.266325185833
2026-03-08,HIVE_5,84,30.99345434573995,52.616827080819064,24.90822579781526,24.57204889708612,30.542518431048006
2026-03-12,HIVE_5,86,32.05109243678652,60.89803130757298,45.159267210844575,25.266318587698805,30.707563732388902
2026-03-15,HIVE_5,74,34.25957595063818,45.16899388619501,20.72171644651881,27.69002623644699,30.467150621281828
2026-03-23,HIVE_5,63,28.824692951660268,52.48418161046897,15.832509399368535,27.403353508115536,32.43470757772155
2026-04-03,HIVE_5,80,21.447864561792787,42.277268885990274,16.99443757881868,26.282702450873703,31.711787113028322
2026-04-09,HIVE_5,75,22.03544687081184,75.96813189705064,29.117931739891652,25.377558662830868,28.177377821363745
2026-04-11,HIVE_5,74,30.067461835862957,79.00355904319449,29.12766652822085,26.22099584572888,24.102668128088297
2026-04-19,HIVE_5,73,26.28017913631696,46.40994767270107,25.777544994555136,25.980250671639766,24.516924422822527
2026-04-21,HIVE_5,80,28.700474259028553,44.88335387324888,28.739559859265775,26.104439128316894,26.12769594766392
2026-05-07,HIVE_5,78,31.006228756844173,55.5916213135627,24.23781432739051,23.75876664951992,28.349371743736157
2026-05-08,HIVE_5,75,31.391300748155054,41.90717405501218,23.684968266679185,24.261066346787306,28.662294050729894
2026-05-26,HIVE_5,64,27.268733773964684,70.37404904064488,41.54884737343258,25.382846184974543,30.366001254675925
2026-05-29,HIVE_5,74,28.44590277565652,55.43225608817903,37.32745677463309,28.89061901277653,29.888754426321302
2026-06-07,HIVE_5,87,29.88386151479959,77.12382818595,30.79896855659068,30.06340830345388,29.035312432592082
2026-06-13,HIVE_5,99,26.89531794159869,42.945945973703374,45.57817952760682,30.30216573607814,28.532832688140264
2026-06-16,HIVE_5,89,20.263787126031843,54.87610564021696,37.556957158935845,33.13082781222838,28.408360744018267
2026-06-20,HIVE_5,67,20.592562829082485,48.8460260936054,35.5560897407081,34.39045599789553,25.680988860810043
2026-06-21,HIVE_5,94,32.15823450926115,55.089002550756334,42.24679556876246,36.007352485512335,22.58388929890434
2026-06-24,HIVE_5,72,32.28745998076782,47.5516040290347,24.185587058660317,38.659042100095654,24.33819482145849
2026-06-29,HIVE_5,80,21.63380877953684,47.422974620291,31.333314271718702,36.178576340842476,28.34608577303715
2026-07-02,HIVE_5,81,20.93217081788371,62.93465625325136,34.788146425542365,35.32227026899756,28.693167756521934
2026-07-04,HIVE_5,83,30.32261998094058,43.97433471025243,33.22987052762845,35.89215282170494,24.951146526062786
2026-07-05,HIVE_5,99,29.618564644289492,79.33945535404122,26.221700348851428,34.12810867885089,24.296199859453708
2026-07-06,HIVE_5,91,23.11911994970272,53.70830888707067,34.03587375509035,32.50878627741026,26.957785147704595
2026-07-07,HIVE_5,84,20.946620925208105,49.64793839370742,43.08094100160868,32.29161256517915,27.686768191644262
2026-07-09,HIVE_5,61,28.418033734304124,79.5980521428322,46.16281702607634,32.410776198442896,24.561435173066773
2026-01-02,HIVE_6,74,30.789456031051927,51.298863164337504,44.45355151990131,,
2026-01-11,HIVE_6,90,23.266113183435575,61.18325499372209,17.323014366097574,44.45355151990131,30.789456031051927
2026-02-01,HIVE_6,61,24.483447065169237,79.66762801959152,38.687262763237555,30.888282942999442,27.027784607243753
2026-02-04,HIVE_6,71,25.798683837184157,71.85340137335204,48.82407894483865,33.48794288307881,26.179672093218915
2026-02-12,HIVE_6,78,20.99247204559479,77.93669260618529,45.63591302327106,37.32197689851877,24.516081361929654
2026-02-15,HIVE_6,84,27.23027700456313,73.46741083262603,28.464528394756133,38.984764123469226,23.758200982649395
2026-02-21,HIVE_6,88,27.80742527783879,72.22999151203243,33.26593696095271,37.23139150201705,24.673810962447362
2026-02-24,HIVE_6,68,30.617546000579686,61.28923747230499,42.81805901827791,36.664897996150714,25.343391442665574
2026-02-27,HIVE_6,66,31.075504912939625,65.20500447456033,15.717926866100159,36.431256210204516,28.551749427660535
2026-03-28,HIVE_6,81,27.899867815712497,63.58224947008651,46.46377675668501,36.201957995919166,29.833492063786036
2026-03-31,HIVE_6,80,26.68085227005057,70.9272788349484,24.918487501467943,37.312888566411665,29.86430624307727
2026-04-07,HIVE_6,89,22.762958547270273,71.80178204967397,31.834156872743296,33.89780407450156,28.552074999567562
2026-05-21,HIVE_6,79,27.65219669134897,70.53057684135581,38.587008902279706,31.92612462442617,25.781226211011113
2026-06-06,HIVE_6,63,26.634045913702757,40.46296926211359,33.20808806876812,33.37219326835811,25.6986691695566
