measurement_date,n_extremes,affected_hives,hives_reporting,share_of_reporting_hives
2021-07-23,9,9,32,0.2812
2020-07-24,7,7,33,0.2121
2022-07-23,6,6,27,0.2222
2021-07-24,6,6,30,0.2
2020-10-09,5,5,40,0.125
2020-07-25,5,5,33,0.1515
2021-07-25,5,5,30,0.1667
2021-08-19,5,5,29,0.1724
2020-10-08,4,4,41,0.0976
2022-05-28,4,4,29,0.1379
2020-05-07,4,4,20,0.2
2022-07-16,4,4,23,0.1739
2020-12-30,4,4,31,0.129
2022-07-15,4,4,22,0.1818
2022-08-03,4,4,27,0.1481
2020-05-16,3,3,21,0.1429
2020-05-17,3,3,22,0.1364
2021-09-01,3,3,25,0.12
2020-12-21,3,3,30,0.1
2021-08-21,3,3,30,0.1
2022-08-04,3,3,27,0.1111
2022-04-11,3,3,27,0.1111
2022-05-25,3,3,26,0.1154
2022-05-13,3,3,29,0.1034
2021-07-22,3,3,29,0.1034
2022-07-29,3,3,25,0.12
2022-07-24,3,3,27,0.1111
2020-07-29,3,3,32,0.0938
2022-07-28,3,3,24,0.125
2022-08-05,3,3,25,0.12
2022-08-02,2,2,27,0.0741
2020-07-19,2,2,34,0.0588
2020-07-12,2,2,35,0.0571
2020-07-11,2,2,33,0.0606
2020-07-10,2,2,30,0.0667
2020-07-07,2,2,33,0.0606
2022-08-12,2,2,22,0.0909
2020-07-05,2,2,31,0.0645
2020-06-28,2,2,30,0.0667
2020-06-27,2,2,30,0.0667
2020-07-31,2,2,36,0.0556
2021-07-09,2,2,27,0.0741
2021-06-18,2,2,30,0.0667
2021-07-15,2,2,24,0.0833
2021-07-18,2,2,28,0.0714
2021-07-19,2,2,27,0.0741
2021-05-30,2,2,26,0.0769
2021-07-27,2,2,30,0.0667
2021-05-09,2,2,20,0.1
2021-07-30,2,2,26,0.0769
2021-08-08,2,2,30,0.0667
2020-08-29,2,2,30,0.0667
2022-02-18,2,2,26,0.0769
2022-02-19,2,2,26,0.0769
2020-10-17,2,2,29,0.069
2022-03-28,2,2,29,0.069
2020-09-13,2,2,33,0.0606
2022-04-12,2,2,27,0.0741
2022-08-20,2,2,22,0.0909
2022-04-27,2,2,31,0.0645
2022-04-28,2,2,31,0.0645
2020-08-05,2,2,29,0.069
2022-07-27,2,2,24,0.0833
2021-09-14,2,2,27,0.0741
2022-05-12,2,2,29,0.069
2021-07-11,2,2,28,0.0714
2022-05-18,2,2,28,0.0714
2022-05-21,2,2,28,0.0714
2020-04-11,2,2,13,0.1538
2022-05-23,2,2,27,0.0741
2022-05-01,2,2,28,0.0714
2022-05-27,2,2,29,0.069
2022-06-17,2,2,27,0.0741
2020-04-18,2,2,16,0.125
2022-07-07,2,2,28,0.0714
2022-07-08,2,2,24,0.0833
2022-07-17,2,2,25,0.08
2020-05-15,2,2,23,0.087
2020-05-08,2,2,19,0.1053
2020-04-16,2,2,14,0.1429
2021-07-17,1,1,26,0.0385
2021-08-28,1,1,28,0.0357
2020-05-10,1,1,19,0.0526
2020-05-11,1,1,19,0.0526
2021-08-31,1,1,26,0.0385
2021-07-14,1,1,26,0.0385
2020-04-09,1,1,10,0.1
2020-04-07,1,1,11,0.0909
2021-09-09,1,1,28,0.0357
2021-09-18,1,1,21,0.0476
2021-09-19,1,1,22,0.0455
2021-09-27,1,1,24,0.0417
2021-10-20,1,1,26,0.0385
2021-10-23,1,1,22,0.0455
2021-10-24,1,1,23,0.0435
2021-07-12,1,1,28,0.0357
2022-01-03,1,1,25,0.04
2022-02-05,1,1,26,0.0385
2022-02-06,1,1,26,0.0385
2020-05-12,1,1,19,0.0526
2020-04-05,1,1,10,0.1
2020-05-02,1,1,17,0.0588
2020-05-03,1,1,18,0.0556
2020-04-27,1,1,18,0.0556
2021-07-28,1,1,30,0.0333
2021-07-29,1,1,30,0.0333
2020-05-04,1,1,20,0.05
2020-04-26,1,1,19,0.0526
2020-05-05,1,1,21,0.0476
2020-05-06,1,1,21,0.0476
2021-07-21,1,1,28,0.0357
2021-08-25,1,1,29,0.0345
2021-08-01,1,1,26,0.0385
2021-08-04,1,1,27,0.037
2021-07-20,1,1,28,0.0357
2021-08-05,1,1,28,0.0357
2022-02-07,1,1,25,0.04
2021-08-09,1,1,28,0.0357
2021-08-17,1,1,29,0.0345
2021-08-18,1,1,29,0.0345
2020-04-12,1,1,13,0.0769
2020-05-09,1,1,20,0.05
2021-07-31,1,1,26,0.0385
2022-07-25,1,1,24,0.0417
2020-02-16,1,1,6,0.1667
2020-02-09,1,1,7,0.1429
2019-09-25,1,1,8,0.125
2022-07-31,1,1,27,0.037
2022-12-03,1,1,23,0.0435
2019-07-27,1,1,2,0.5
2022-11-27,1,1,23,0.0435
2022-11-26,1,1,23,0.0435
2022-10-02,1,1,25,0.04
2022-10-01,1,1,25,0.04
2022-02-26,1,1,23,0.0435
2022-09-27,1,1,27,0.037
2022-09-21,1,1,18,0.0556
2022-09-16,1,1,24,0.0417
2022-08-08,1,1,22,0.0455
2022-09-10,1,1,23,0.0435
2022-09-04,1,1,24,0.0417
2022-08-27,1,1,27,0.037
2022-08-13,1,1,21,0.0476
2022-08-17,1,1,21,0.0476
2022-08-23,1,1,26,0.0385
2022-08-22,1,1,25,0.04
2022-08-07,1,1,24,0.0417
2022-02-15,1,1,27,0.037
2020-04-04,1,1,9,0.1111
2022-02-20,1,1,28,0.0357
2022-02-21,1,1,27,0.037
2022-03-09,1,1,26,0.0385
2020-04-03,1,1,9,0.1111
2022-03-10,1,1,27,0.037
2022-03-12,1,1,25,0.04
2022-03-14,1,1,25,0.04
2020-04-01,1,1,9,0.1111
2019-08-28,1,1,4,0.25
2020-02-28,1,1,7,0.1429
2022-03-25,1,1,29,0.0345
2022-03-27,1,1,29,0.0345
2022-03-29,1,1,29,0.0345
2022-04-06,1,1,28,0.0357
2020-03-30,1,1,11,0.0909
2022-04-21,1,1,31,0.0323
2022-04-22,1,1,30,0.0333
2022-04-24,1,1,31,0.0323
2020-03-25,1,1,8,0.125
2022-04-26,1,1,31,0.0323
2020-03-23,1,1,6,0.1667
2020-02-29,1,1,8,0.125
2022-03-24,1,1,28,0.0357
2020-05-14,1,1,22,0.0455
2020-05-22,1,1,23,0.0435
2020-05-26,1,1,21,0.0476
2020-05-28,1,1,22,0.0455
2020-05-29,1,1,25,0.04
2020-05-31,1,1,27,0.037
2020-06-01,1,1,28,0.0357
2020-06-04,1,1,30,0.0333
2020-06-08,1,1,32,0.0312
2020-06-09,1,1,34,0.0294
2020-06-10,1,1,31,0.0323
2020-06-14,1,1,31,0.0323
2020-06-21,1,1,30,0.0333
2020-07-02,1,1,31,0.0323
2020-07-04,1,1,31,0.0323
2021-05-01,1,1,21,0.0476
2020-08-27,1,1,31,0.0323
2020-08-21,1,1,30,0.0333
2020-08-15,1,1,32,0.0312
2020-08-14,1,1,33,0.0303
2020-08-03,1,1,36,0.0278
2020-08-02,1,1,36,0.0278
2020-08-01,1,1,36,0.0278
2020-07-06,1,1,33,0.0303
2020-07-27,1,1,32,0.0312
2020-07-21,1,1,32,0.0312
2020-07-20,1,1,32,0.0312
2020-07-18,1,1,34,0.0294
2020-07-17,1,1,34,0.0294
2020-07-16,1,1,37,0.027
2020-07-15,1,1,35,0.0286
2020-07-08,1,1,31,0.0323
2020-07-28,1,1,32,0.0312
2019-10-12,1,1,7,0.1429
2019-10-14,1,1,7,0.1429
2019-10-23,1,1,9,0.1111
2019-10-29,1,1,11,0.0909
2019-11-01,1,1,11,0.0909
2019-11-07,1,1,10,0.1
2019-11-16,1,1,11,0.0909
2020-02-03,1,1,3,0.3333
2020-02-04,1,1,5,0.2
2020-02-08,1,1,6,0.1667
2020-05-13,1,1,21,0.0476
2022-08-01,1,1,27,0.037
2022-07-18,1,1,25,0.04
2020-03-31,1,1,11,0.0909
2022-12-05,1,1,24,0.0417
2019-07-30,1,1,2,0.5
2022-07-06,1,1,28,0.0357
2022-07-05,1,1,28,0.0357
2022-06-19,1,1,27,0.037
2022-06-07,1,1,27,0.037
2022-05-29,1,1,29,0.0345
2022-05-26,1,1,27,0.037
2022-05-24,1,1,26,0.0385
2022-04-30,1,1,29,0.0345
2022-05-17,1,1,29,0.0345
2022-05-15,1,1,30,0.0333
2022-05-14,1,1,29,0.0345
2019-10-06,1,1,7,0.1429
2022-05-06,1,1,29,0.0345
2022-05-05,1,1,28,0.0357
2022-05-03,1,1,27,0.037
2022-05-02,1,1,28,0.0357
2022-05-22,1,1,28,0.0357
2020-12-15,1,1,32,0.0312
2020-12-22,1,1,30,0.0333
2020-12-31,1,1,21,0.0476
2021-02-03,1,1,24,0.0417
2021-02-06,1,1,25,0.04
2021-03-12,1,1,28,0.0357
2021-03-13,1,1,27,0.037
2021-03-22,1,1,25,0.04
2021-03-25,1,1,24,0.0417
2021-03-29,1,1,18,0.0556
2021-04-01,1,1,23,0.0435
2021-04-09,1,1,24,0.0417
2021-04-20,1,1,23,0.0435
2021-04-30,1,1,24,0.0417
2019-10-11,1,1,7,0.1429
2020-08-28,1,1,31,0.0323
2021-07-03,1,1,28,0.0357
2021-06-24,1,1,25,0.04
2021-06-22,1,1,26,0.0385
2021-06-19,1,1,29,0.0345
2021-06-17,1,1,28,0.0357
2021-06-12,1,1,28,0.0357
2021-06-10,1,1,28,0.0357
2021-05-12,1,1,22,0.0455
2021-06-03,1,1,25,0.04
2021-05-31,1,1,26,0.0385
2021-05-29,1,1,25,0.04
2021-05-28,1,1,24,0.0417
2021-05-22,1,1,25,0.04
2021-05-15,1,1,22,0.0455
2021-05-14,1,1,23,0.0435
2021-05-13,1,1,22,0.0455
2021-06-04,1,1,25,0.04
2020-08-30,1,1,32,0.0312
2020-09-02,1,1,35,0.0286
2020-09-06,1,1,32,0.0312
2020-09-07,1,1,32,0.0312
2020-09-09,1,1,33,0.0303
2020-09-10,1,1,34,0.0294
2020-09-22,1,1,36,0.0278
2020-09-23,1,1,38,0.0263
2020-09-26,1,1,37,0.027
2020-09-27,1,1,37,0.027
2020-10-06,1,1,41,0.0244
2020-10-11,1,1,38,0.0263
2020-10-15,1,1,31,0.0323
2020-10-16,1,1,30,0.0333
2020-10-18,1,1,30,0.0333
2020-12-14,1,1,32,0.0312
2020-12-01,1,1,32,0.0312
2020-11-30,1,1,34,0.0294
2020-11-29,1,1,35,0.0286
2020-11-28,1,1,34,0.0294
2020-11-23,1,1,32,0.0312
2020-11-20,1,1,35,0.0286
2020-11-19,1,1,32,0.0312
2020-10-20,1,1,31,0.0323
2020-11-03,1,1,29,0.0345
2020-11-02,1,1,26,0.0385
2020-11-01,1,1,25,0.04
2020-10-31,1,1,25,0.04
2020-10-29,1,1,30,0.0333
2020-10-28,1,1,29,0.0345
2020-10-25,1,1,30,0.0333
2020-10-24,1,1,34,0.0294
2020-11-18,1,1,33,0.0303
