hive_id,measurement_date,end_of_day_weight_kg,removed_kg,weight_before_kg,weight_after_7d_kg,month
0,2020-05-17,40.2903404255319,21.354081666640695,61.6444220921726,34.0701804915515,5
0,2020-07-25,28.8262180534918,12.044046981473201,40.870265034965,25.6054367176634,7
3,2020-06-01,53.7515639938319,3.7434009367236953,57.4949649305556,49.1797635605007,6
3,2020-06-02,48.6961299513551,5.055434042476804,53.7515639938319,49.954172740014,6
5,2022-05-13,67.7467767821012,5.616482721026003,73.3632595031272,56.5748767361111,5
5,2022-05-14,49.0544450243563,18.692331757744896,67.7467767821012,56.5174253472222,5
17,2020-07-11,35.7513498379838,26.893286562741494,62.6446364007253,27.6012797641963,7
17,2020-07-12,25.950593379838,9.800756458145802,35.7513498379838,27.3001429011194,7
17,2022-03-23,31.8388444895833,3.059924093491201,34.8987685830745,31.7726415666667,3
17,2022-05-29,47.672927375,29.150976625,76.823904,42.0339770729167,5
21,2020-02-28,33.4154453576389,3.7021169251963997,37.1175622828353,30.6663433460737,2
21,2020-08-02,40.27465959375,8.1184019826389,48.3930615763889,33.4215692708333,8
21,2020-08-03,34.4004825868056,5.8741770069444,40.27465959375,33.2720390208333,8
21,2021-04-18,33.9812391724739,3.852693459104998,37.8339326315789,34.6309500602837,4
21,2022-07-08,70.8823807550452,8.195550685926989,79.0779314409722,52.0622695407098,7
21,2022-08-05,49.9143280897704,5.679682857964799,55.5940109477352,37.2466216239941,8
21,2022-08-06,39.6271529131944,10.287175176576,49.9143280897704,37.5072621354167,8
22,2019-09-23,59.4749702245614,4.0263442164107985,63.5013144409722,47.2962506180556,9
22,2019-09-24,54.7792468993056,4.6957233252558055,59.4749702245614,50.344480192577,9
22,2019-09-26,52.2866174513889,5.200157350694404,57.4867748020833,43.6231307352941,9
22,2019-10-14,60.4208808472222,4.005864164432801,64.426745011655,42.3676463506944,10
22,2019-10-15,49.920293884993,10.5005869622292,60.4208808472222,44.0601133298611,10
22,2019-10-30,37.6195340277778,6.792342145833295,44.4118761736111,39.4270535138889,10
22,2019-11-04,41.4881145034722,3.1619171215278,44.650031625,37.3408664791667,11
22,2019-11-06,39.4270535138889,4.803182842700203,44.2302363565891,25.9152554634146,11
26,2019-10-17,44.6330188442211,3.148751881167499,47.7817707253886,41.6825726618705,10
26,2020-09-13,40.9514634794157,3.444844730543899,44.3963082099596,37.7174168797954,9
26,2021-07-10,64.9161682778416,14.4746612158293,79.3908294936709,53.092187141217,7
26,2021-07-15,61.2856653440367,14.692629340234205,75.9782946842709,49.9486333333333,7
26,2021-07-16,53.9713806228374,7.3142847211993,61.2856653440367,49.5809607843137,7
26,2021-08-20,45.3506747126437,5.1268954022988,50.4775701149425,41.5760574052813,8
26,2021-08-21,41.0451666666667,4.305508045977,45.3506747126437,41.3203967704729,8
26,2022-02-15,32.2319483352468,3.7711526980483043,36.0031010332951,25.2998239355581,2
26,2022-02-16,25.9317807118255,6.300167623421299,32.2319483352468,25.196491954023,2
26,2022-03-28,46.7570126146789,4.956039050074303,51.7130516647532,39.0040574052813,3
26,2022-03-29,39.0926039035591,7.664408711119798,46.7570126146789,39.1431735632184,3
26,2022-05-26,58.9372556616801,19.575769464756704,78.5130251264368,53.3033931034483,5
26,2022-07-08,62.5280672842348,3.394910594205605,65.9229778784404,49.3228375576037,7
26,2022-08-21,38.1669464922711,4.1342896828440985,42.3012361751152,35.0372260668973,8
27,2020-02-04,60.2082130902778,6.858180690972198,67.06639378125,55.5123547743056,2
27,2020-02-05,51.7767526145833,8.4314604756945,60.2082130902778,55.0656040277778,2
27,2020-04-04,47.6267364548611,4.438192954861094,52.0649294097222,48.8829724479167,4
27,2020-06-02,62.284653,4.757238211805507,67.0418912118055,61.62158684375,6
27,2021-08-05,47.6040725694444,3.3003184027778047,50.9043909722222,46.2852944444444,8
43,2019-07-28,38.5991936527778,7.677282834722199,46.2764764875,24.7266488645833,7
43,2019-07-29,34.1399370208333,4.459256631944498,38.5991936527778,24.2703453100775,7
43,2019-07-31,27.6974862315996,5.716845176851098,33.4143314084507,23.8871140478056,7
43,2019-08-01,23.0913301631944,4.606156068405202,27.6974862315996,23.6847116944444,8
43,2020-07-13,15.0218491493056,10.06448674375,25.0863358930556,15.1536896944444,7
47,2020-05-24,5.75073402777778,3.9561792484534806,9.70691327623126,5.61370451388889,5
48,2020-03-18,28.96087328125,3.2979728333333007,32.2588461145833,28.5495085798611,3
49,2020-07-18,53.6071440104167,4.0896867991733,57.69683080959,47.8122786284722,7
49,2020-07-25,47.8122786284722,6.6173677487942015,54.4296463772664,36.5685354652778,7
49,2020-07-26,37.2461910659722,10.566087562500002,47.8122786284722,36.1654489131944,7
49,2021-08-05,45.434658072373,7.4579310258164,52.8925890981894,36.7581757885431,8
49,2021-08-06,37.435036554242,7.999621518131001,45.434658072373,36.4276117341242,8
49,2022-05-28,57.1320716388889,24.558904600694405,81.6909762395833,54.5907433194444,5
49,2022-08-13,37.0387458611111,5.6265874756945,42.6653333368056,37.0380389089646,8
56,2020-08-29,24.4799058125,3.0254856979167,27.5053915104167,22.8417863576389,8
58,2021-11-09,35.8209904827586,4.6597426376794004,40.480733120438,34.1189238620448,11
58,2022-09-08,37.3059604557641,3.5286730727168987,40.834633528481,37.57143,9
60,2020-06-09,49.8707118055556,10.845537499999999,60.7162493055556,41.3013861111111,6
60,2020-06-10,41.1993243055556,8.671387500000002,49.8707118055556,41.4917009084556,6
60,2020-07-25,42.4953552083333,10.077018055555598,52.5723732638889,32.1100263888889,7
60,2020-07-26,36.0357215277778,6.459633680555498,42.4953552083333,32.2077013888889,7
62,2019-10-22,41.793035187747,3.5877880173812002,45.3808232051282,38.9969112361111,10
62,2020-02-29,45.2470246805556,11.3919105451388,56.6389352256944,35.8704275503822,2
62,2020-03-01,35.91678421875,9.330240461805595,45.2470246805556,36.0432167916667,3
62,2020-04-19,32.8386510752688,18.019794344216997,50.8584454194858,34.6748940236275,4
62,2020-04-28,34.5463115942029,65.3229398515802,99.8692514457831,37.2091781729428,4
62,2020-07-11,39.6680576496674,4.496047392349396,44.1641050420168,38.9536852678571,7
62,2021-05-29,56.124617167382,12.138583734873606,68.2632009022556,45.2224611111111,5
62,2021-05-30,49.429171875,6.695445292381997,56.124617167382,45.1217708333333,5
62,2021-09-28,61.44325664594,9.588818874893306,71.0320755208333,63.8995007013889,9
62,2021-10-24,56.4620319513889,6.074551034722198,62.5365829861111,49.3291222222222,10
62,2021-10-25,49.2498013888889,7.212230562500004,56.4620319513889,49.4474184027778,10
62,2022-02-19,47.5287335143522,7.0345569833854,54.5632904977376,42.7188955431755,2
62,2022-03-30,46.2341956521739,14.3279556948942,60.5621513470681,47.709238449491,3
62,2022-05-27,78.9410278989751,30.83935537628591,109.780383275261,80.6263220590433,5
67,2020-05-17,38.044523110785,13.086820707795802,51.1313438185808,34.6957627511592,5
67,2020-05-28,31.9729915966387,4.2198477268284975,36.1928393234672,32.2928084507042,5
67,2020-07-25,27.5562824795843,10.752581856080003,38.3088643356643,24.9717990264256,7
67,2022-07-31,22.3978472222222,3.0166906313551998,25.4145378535774,21.6773026407227,7
69,2021-05-31,49.2780418195158,10.544361778698502,59.8224035982143,45.4121076487252,5
70,2021-06-13,45.2388518518519,14.8264324138824,60.0652842657343,43.7535796943231,6
70,2021-07-20,47.5067604824903,20.700544633625107,68.2073051161154,24.4929381067961,7
70,2021-07-21,39.4599242209632,8.046836261527098,47.5067604824903,24.0934442060086,7
70,2021-07-25,31.9163587127159,8.170548173043098,40.086906885759,23.2444225806452,7
70,2021-07-26,24.8879108187135,7.028447894002401,31.9163587127159,22.9650455882353,7
70,2022-07-29,32.402052246604,24.308317424954396,56.7103696715584,25.345167842031,7
70,2022-07-30,25.7614139784946,6.640638268109402,32.402052246604,25.1530798969072,7
72,2021-06-01,32.9970291181364,5.8991455543527,38.8961746724891,35.0822623152709,6
74,2020-06-05,22.8641839378238,6.595334580694701,29.4595185185185,25.3197617100372,6
75,2022-05-15,72.036894962406,4.12198406189961,76.1588790243056,64.0547896319444,5
75,2022-05-16,61.7235909722222,10.313303990183798,72.036894962406,56.7386739583333,5
75,2022-05-23,56.7386739583333,7.316115673611101,64.0547896319444,46.0064913194444,5
75,2022-05-24,45.986784375,10.751889583333302,56.7386739583333,46.1178660403619,5
75,2022-08-02,30.6355545138889,13.901530208333298,44.5370847222222,29.9520528128588,8
76,2020-07-26,14.0765732638889,5.796178326217099,19.872751590106,13.619246875,7
79,2020-09-17,27.6754545138889,3.6801059027778003,31.3555604166667,27.3474857638889,9
79,2022-05-06,48.0709953604568,7.747995611765404,55.8189909722222,36.5632024305556,5
79,2022-05-07,36.7004913194444,11.370504041012396,48.0709953604568,36.5603121527778,5
80,2020-09-28,36.9486915789474,4.0411607917423,40.9898523706897,36.7208815972222,9
82,2021-05-29,54.8496391260446,4.7808981690943,59.6305372951389,53.7495197916667,5
82,2021-06-18,29.3065392361111,17.1586131944445,46.4651524305556,25.3189768431002,6
82,2022-08-01,51.9505201388889,8.636705555555501,60.5872256944444,41.0906677083333,8
84,2020-05-29,47.8993916666667,5.4843961805555,53.3837878472222,42.5684138888889,5
84,2020-05-30,40.245679020979,7.653712645687705,47.8993916666667,42.3289680555556,5
84,2020-07-04,59.4155482638889,3.869703454861096,63.28525171875,39.2411638537271,7
84,2020-07-05,48.5210614583333,10.894486805555601,59.4155482638889,38.8370091642229,7
84,2020-07-06,39.9694482638889,8.5516131944444,48.5210614583333,38.7172328271873,7
84,2020-07-29,37.1481986013986,3.1559250097125044,40.3041236111111,29.9007426253687,7
84,2020-07-30,29.5989663194444,7.549232281954197,37.1481986013986,29.6649704861111,7
84,2020-11-15,34.8960548611111,3.5926133112308065,38.4886681723419,31.4253881944444,11
84,2020-11-16,31.7208343949045,3.1752204662065964,34.8960548611111,31.3302489583333,11
85,2020-07-14,63.02366640625,3.6577807013889014,66.6814471076389,57.1588947735192,7
85,2020-09-13,56.6345389159138,3.123489209086202,59.758028125,57.1766118055556,9
85,2020-12-31,45.0146124,8.991000794444403,54.0056131944444,39.2199847009736,12
85,2021-01-01,38.7057093184979,6.308903081502095,45.0146124,39.0819131944444,1
88,2022-02-19,28.7610180212014,8.006155193084297,36.7671732142857,26.5982673022599,2
90,2020-07-16,58.8846806150104,8.502463711378503,67.3871443263889,33.5369607638889,7
90,2020-09-18,39.3978541666667,4.335346180555504,43.7332003472222,35.4307826388889,9
90,2021-03-23,35.3705833333333,4.876249999999999,40.2468333333333,30.1065756944444,3
90,2021-03-24,30.7350588235294,4.635524509803901,35.3705833333333,31.5948138888889,3
95,2020-06-28,65.5271401565762,12.396855194118203,77.9239953506944,59.6734799703264,6
95,2021-09-03,44.3085532868526,4.7270363357889025,49.0355896226415,43.8838915159944,9
95,2022-05-14,53.9526137787056,7.856851151850002,61.8094649305556,53.0927522871217,5
96,2021-06-05,21.8776405160391,4.410557807983199,26.2881983240223,18.2347256944444,6
96,2021-06-09,18.8049363636364,3.416879480699901,22.2218158443363,15.7364465277778,6
96,2021-07-03,17.24889375,3.472149652777798,20.7210434027778,14.5075385416667,7
96,2022-06-08,52.7550982638889,15.610622364583307,68.3657206284722,56.5729332603939,6
96,2022-07-24,57.3029517534722,14.301571098689593,71.6045228521618,36.56005625,7
96,2022-07-25,46.6282444444444,10.674707309027802,57.3029517534722,36.2698763888889,7
96,2022-07-26,36.12158125,10.5066631944444,46.6282444444444,35.9164618055556,7
96,2022-08-09,33.6203243055556,5.409841666666601,39.0301659722222,28.0889545138889,8
96,2022-08-10,29.2619430555556,4.358381249999997,33.6203243055556,28.0822888888889,8
96,2022-08-23,23.6755607638889,4.368840625000001,28.0444013888889,20.76955625,8
96,2022-10-02,15.3717788194444,5.6111038194445,20.9828826388889,7.47459513888889,10
96,2022-10-03,7.51745763888889,7.85432118055551,15.3717788194444,7.48506736111111,10
98,2020-10-07,24.6818488549618,8.572904617260399,33.2547534722222,25.3955496527778,10
98,2020-10-18,24.5011243055556,10.134228758511298,34.6353530640669,23.9430967292971,10
98,2020-11-19,23.4918770833333,3.5306500000000014,27.0225270833333,16.9751866998578,11
98,2020-11-23,22.3151868055556,3.1500822916665996,25.4652690972222,15.2757746527778,11
98,2020-11-24,16.6185138985407,5.6966729070149,22.3151868055556,17.2473634468381,11
100,2021-07-24,28.3870496117343,6.922227143156402,35.3092767548907,28.8137263397948,7
101,2020-07-08,44.7165443126308,7.459999062011697,52.1765433746425,44.2743607815771,7
101,2020-07-29,38.5193896648045,4.8292447625698,43.3486344273743,30.6775715789474,7
101,2020-07-30,31.2204672245467,7.298922440257801,38.5193896648045,30.5716157601116,7
101,2021-07-24,55.4766515726375,12.1226026226039,67.5992541952414,43.5214081062194,7
101,2021-07-25,45.1897280393535,10.286923533284003,55.4766515726375,43.4351039325843,7
101,2022-04-13,41.8723096910112,10.807088900538098,52.6793985915493,43.5629335443038,4
101,2022-07-16,50.9552144856543,7.482084605890101,58.4372990915444,41.724827972028,7
101,2022-07-17,41.834560539752,9.120653945902305,50.9552144856543,41.3239000698812,7
107,2021-07-19,42.7555993055556,10.953601736111104,53.7092010416667,27.2821520833333,7
107,2021-07-20,20.2689480836237,22.486651221931897,42.7555993055556,26.5348065972222,7
108,2021-07-25,39.4089270833333,10.058344791666698,49.467271875,38.0762546907575,7
108,2021-07-26,28.657297262825,10.751629820508303,39.4089270833333,26.1725673611111,7
109,2020-05-23,53.0480697980685,18.713476217974303,71.7615460160428,49.5701255572065,5
109,2020-07-03,56.0870286585366,3.6457220598541937,59.7327507183908,52.7686034722222,7
109,2020-07-21,47.5586505263158,6.475799126462,54.0344496527778,30.6545027855153,7
109,2020-07-22,44.0446325459318,3.514017980384004,47.5586505263158,32.5158354316547,7
109,2020-07-23,39.5436020992366,4.5010304466951965,44.0446325459318,31.5239752475248,7
109,2020-07-24,35.0638715824358,4.4797305168007995,39.5436020992366,31.2689902777778,7
109,2021-07-30,45.4317666666667,7.133337500000003,52.5651041666667,30.8850094273743,7
109,2021-07-31,31.6878075457317,13.743959120934996,45.4317666666667,32.5029972067039,7
109,2022-08-02,40.4989438559322,3.2216019774011,43.7205458333333,28.4655076495132,8
109,2022-08-03,29.3285809027778,11.170362953154395,40.4989438559322,28.3077583798883,8
112,2020-04-01,25.1128958333333,7.787719097222297,32.9006149305556,23.5653975694444,4
112,2020-04-05,24.8632503472222,5.705810069444503,30.5690604166667,25.9601121527778,4
112,2020-05-08,65.6280916666667,8.566850226165599,74.1949418928323,24.0117315972222,5
112,2020-05-13,71.6006645833333,26.591115277777803,98.1917798611111,26.4927388888889,5
112,2020-05-14,33.2241642361111,38.3765003472222,71.6006645833333,27.4870222222222,5
112,2020-07-03,25.7317607638889,16.0284489583333,41.7602097222222,27.977311406578,7
112,2020-07-25,18.6237861111111,7.423710416666697,26.0474965277778,17.9940736111111,7
112,2020-10-12,23.4716264280274,19.3527898003723,42.8244162283997,21.365890625,10
112,2020-11-01,38.9733361111111,14.6997211805556,53.6730572916667,20.5437534722222,11
112,2020-11-04,20.6827208333333,12.9847878472223,33.6675086805556,20.4755446096654,11
112,2020-11-21,20.5011880372493,13.7856972486642,34.2868852859135,20.1734763888889,11
112,2020-11-25,20.6622204861111,3.3506046182004,24.0128251043115,20.3108825301205,11
112,2022-07-06,24.7068625,15.2562069444444,39.9630694444444,18.0759083333333,7
112,2022-12-04,36.8179649305556,20.407955208333306,57.2259201388889,24.3157871527778,12
112,2022-12-06,27.0865923611111,14.5727527777778,41.6593451388889,23.157965625,12
112,2022-12-08,23.7201934027778,3.3816993055555002,27.1018927083333,23.1761326388889,12
115,2021-05-01,66.5527404892966,7.992052868342299,74.5447933576389,49.1373972222222,5
115,2021-05-02,48.9868395833333,17.565900905963296,66.5527404892966,49.5190336805556,5
115,2021-07-31,54.2287996527778,6.013585688296196,60.242385341074,54.6848722222222,7
115,2022-07-08,59.1846074722222,6.628674173611103,65.8132816458333,53.8924368055556,7
115,2022-07-29,55.9152861111111,6.7457923611111,62.6610784722222,47.3455083333333,7
115,2022-07-30,48.3883534722222,7.526932638888901,55.9152861111111,49.7806381944444,7
118,2020-06-02,38.2239530791789,4.810826200100401,43.0347792792793,37.5486395833333,6
118,2020-12-30,48.9504834280303,3.466601434354999,52.4170848623853,41.0365100834492,12
118,2020-12-31,41.1917228789986,7.758760549031706,48.9504834280303,41.2443348519362,12
119,2020-09-28,20.5187270833333,10.4569131944445,30.9756402777778,20.3932041666667,9
119,2020-12-02,33.9973184165232,6.082968041810098,40.0802864583333,33.5102288194444,12
123,2020-07-29,42.7487737430168,10.959007681564202,53.707781424581,24.4393340277778,7
123,2020-07-30,30.900628125,11.848145618016797,42.7487737430168,24.2349506944444,7
123,2020-08-04,24.6425518802228,3.1988456892215993,27.8413975694444,23.8255864583333,8
123,2021-09-01,40.1583335849057,7.067296360788603,47.2256299456943,29.6087257365685,9
123,2021-09-02,30.3127479137691,9.845585671136597,40.1583335849057,29.5239706973294,9
123,2022-07-17,37.9155010416667,4.807910416666601,42.7234114583333,32.7498190972222,7
123,2022-07-18,33.1029489583333,4.812552083333401,37.9155010416667,32.6253753472222,7
128,2020-05-15,43.6879034170153,4.176070120589202,47.8639735376045,35.7041187980433,5
128,2020-06-28,25.930309375,7.902212847222202,33.8325222222222,19.1592640324963,6
128,2020-06-29,19.4681451388889,6.4621642361111,25.930309375,19.0685275888133,6
128,2020-09-23,26.0291461805556,3.8868805555555,29.9160267361111,19.4074792982456,9
128,2020-09-24,20.5428902777778,5.486255902777799,26.0291461805556,19.3382736111111,9
129,2021-07-23,66.0404021175166,16.552232576927793,82.5926346944444,39.412246875,7
129,2021-07-24,41.0620270833333,24.97837503418331,66.0404021175166,39.1384097222222,7
129,2021-08-09,26.4838702090592,15.3075790964964,41.7914493055556,6.17844479166667,8
129,2021-08-10,9.99527048611111,16.48859972294809,26.4838702090592,6.13702986111111,8
135,2021-06-11,43.4163095347222,20.4961869027778,63.9124964375,44.3681597222222,6
135,2021-07-10,43.0276146496815,8.6218130737822,51.6494277234637,37.5242833723653,7
135,2021-07-11,38.982093064402,4.045521585279502,43.0276146496815,37.4284250363901,7
135,2022-07-16,35.0854166666667,11.004059722222195,46.0894763888889,32.0678746527778,7
136,2021-07-25,46.0407207792208,5.700259220779202,51.74098,25.6651291560102,7
136,2021-07-26,25.8130729166667,20.227647862554097,46.0407207792208,25.4525368663594,7
136,2022-07-16,49.4024720940171,15.150249495807998,64.5527215898251,30.1615333333333,7
136,2022-07-24,25.9713655685441,4.190167764789198,30.1615333333333,21.0976860465116,7
139,2022-05-25,43.7141830422125,12.757857262798403,56.4720403050109,33.7842825783972,5
139,2022-05-26,28.365465034965,15.348718007247498,43.7141830422125,33.4461496527778,5
139,2022-08-06,22.840946875,25.7194767459335,48.5604236209335,1.80664777468707,8
141,2021-07-24,18.0126375358166,8.734658991961197,26.7472965277778,9.95570104166667,7
141,2021-07-25,11.899225,6.113412535816602,18.0126375358166,9.72676180555556,7
141,2022-05-29,35.2893463687151,19.3808863598264,54.6702327285415,26.77803125,5
141,2022-08-06,30.6062586805556,25.6703374983918,56.2765961789474,25.9881781362007,8
141,2022-08-14,21.0241685198054,4.964009616395298,25.9881781362007,19.9267697690693,8
141,2022-09-22,11.5455105485232,8.5757495729343,20.1212601214575,10.200351285615,9
151,2022-12-21,38.3503509749304,3.1448418673211975,41.4951928422516,35.5216564673157,12
152,2022-05-21,29.1867600356824,4.739767108298697,33.9265271439811,21.2962581673307,5
152,2022-05-22,22.3118404701931,6.8749195654893,29.1867600356824,21.0773765974441,5
